{
  "phase": "5E",
  "description": "Git provider routed through sase.core.git_query_facade. Three runs: SASE_CORE_BACKEND=python (default), =rust, and SASE_CORE_DUAL_RUN=1.",
  "python": {
    "tool": "bench_git_query_ops",
    "phase": "5A",
    "git_available": true,
    "platform": {
      "python": "3.14.3",
      "system": "Linux",
      "machine": "x86_64",
      "processor": "unknown"
    },
    "workloads": [
      {
        "label": "synthetic_small",
        "size_bytes": 1255,
        "runs": 200,
        "warmup": 20,
        "scenarios": {
          "parse_git_name_status_z": {
            "count": 200.0,
            "min_us": 40.646991692483425,
            "median_us": 41.068997234106064,
            "p95_us": 42.08995960652828,
            "max_us": 65.65498188138008
          }
        }
      },
      {
        "label": "synthetic_medium",
        "size_bytes": 26370,
        "runs": 200,
        "warmup": 20,
        "scenarios": {
          "parse_git_name_status_z": {
            "count": 200.0,
            "min_us": 788.5450031608343,
            "median_us": 812.6665197778493,
            "p95_us": 840.2339881286025,
            "max_us": 1893.7250133603811
          }
        }
      },
      {
        "label": "synthetic_large",
        "size_bytes": 284670,
        "runs": 200,
        "warmup": 20,
        "scenarios": {
          "parse_git_name_status_z": {
            "count": 200.0,
            "min_us": 8493.493020068854,
            "median_us": 9071.891981875524,
            "p95_us": 11058.567964937538,
            "max_us": 17488.672980107367
          }
        }
      },
      {
        "label": "normalizers",
        "runs": 200,
        "warmup": 20,
        "scenarios": {
          "parse_git_branch_name_x4": {
            "count": 200.0,
            "min_us": 10.739953722804785,
            "median_us": 10.970979928970337,
            "p95_us": 11.922966223210096,
            "max_us": 33.68500620126724
          },
          "derive_git_workspace_name_x5": {
            "count": 200.0,
            "min_us": 13.686949387192726,
            "median_us": 13.826007489115,
            "p95_us": 14.097022358328104,
            "max_us": 16.411009710282087
          },
          "parse_git_conflicted_files_50": {
            "count": 200.0,
            "min_us": 6.221991498023272,
            "median_us": 6.371992640197277,
            "p95_us": 6.602960638701916,
            "max_us": 8.094997610896826
          },
          "parse_git_local_changes_150": {
            "count": 200.0,
            "min_us": 5.800975486636162,
            "median_us": 5.8810110203921795,
            "p95_us": 6.332003977149725,
            "max_us": 7.4239796958863735
          }
        }
      },
      {
        "label": "end_to_end_50",
        "n_files_seeded": 50,
        "stream_size_bytes": 688,
        "runs": 30,
        "warmup": 10,
        "scenarios": {
          "git_diff_subprocess_only": {
            "count": 30.0,
            "min_us": 2479.001006577164,
            "median_us": 2865.1444881688803,
            "p95_us": 4509.038990363479,
            "max_us": 4535.6479822658
          },
          "parse_git_name_status_z": {
            "count": 30.0,
            "min_us": 45.1859668828547,
            "median_us": 73.34549445658922,
            "p95_us": 79.53197928145528,
            "max_us": 106.85401502996683
          },
          "git_diff_subprocess_plus_parse": {
            "count": 30.0,
            "min_us": 2544.68695493415,
            "median_us": 3001.534496434033,
            "p95_us": 4707.416985183954,
            "max_us": 4842.010966967791
          }
        }
      },
      {
        "label": "end_to_end_500",
        "n_files_seeded": 500,
        "stream_size_bytes": 7780,
        "runs": 30,
        "warmup": 10,
        "scenarios": {
          "git_diff_subprocess_only": {
            "count": 30.0,
            "min_us": 9495.645994320512,
            "median_us": 10554.822511039674,
            "p95_us": 13492.83498711884,
            "max_us": 13841.090025380254
          },
          "parse_git_name_status_z": {
            "count": 30.0,
            "min_us": 363.8449707068503,
            "median_us": 722.2735148388892,
            "p95_us": 820.8670187741518,
            "max_us": 1030.6069743819535
          },
          "git_diff_subprocess_plus_parse": {
            "count": 30.0,
            "min_us": 10185.98402151838,
            "median_us": 11031.786998501047,
            "p95_us": 14232.1260063909,
            "max_us": 14762.809965759516
          }
        }
      }
    ]
  },
  "rust": {
    "tool": "bench_git_query_ops",
    "phase": "5A",
    "git_available": true,
    "platform": {
      "python": "3.14.3",
      "system": "Linux",
      "machine": "x86_64",
      "processor": "unknown"
    },
    "workloads": [
      {
        "label": "synthetic_small",
        "size_bytes": 1255,
        "runs": 200,
        "warmup": 20,
        "scenarios": {
          "parse_git_name_status_z": {
            "count": 200.0,
            "min_us": 40.09599797427654,
            "median_us": 40.79798236489296,
            "p95_us": 49.74502371624112,
            "max_us": 81.66598854586482
          }
        }
      },
      {
        "label": "synthetic_medium",
        "size_bytes": 26370,
        "runs": 200,
        "warmup": 20,
        "scenarios": {
          "parse_git_name_status_z": {
            "count": 200.0,
            "min_us": 783.664989285171,
            "median_us": 797.0310107339174,
            "p95_us": 827.3000130429864,
            "max_us": 965.6439651735127
          }
        }
      },
      {
        "label": "synthetic_large",
        "size_bytes": 284670,
        "runs": 200,
        "warmup": 20,
        "scenarios": {
          "parse_git_name_status_z": {
            "count": 200.0,
            "min_us": 8681.230014190078,
            "median_us": 9062.183002242818,
            "p95_us": 9848.959976807237,
            "max_us": 12823.918019421399
          }
        }
      },
      {
        "label": "normalizers",
        "runs": 200,
        "warmup": 20,
        "scenarios": {
          "parse_git_branch_name_x4": {
            "count": 200.0,
            "min_us": 11.030992027372122,
            "median_us": 11.341995559632778,
            "p95_us": 11.452008038759232,
            "max_us": 12.252945452928543
          },
          "derive_git_workspace_name_x5": {
            "count": 200.0,
            "min_us": 14.477991499006748,
            "median_us": 14.577992260456085,
            "p95_us": 14.707969967275858,
            "max_us": 47.44000034406781
          },
          "parse_git_conflicted_files_50": {
            "count": 200.0,
            "min_us": 6.443005986511707,
            "median_us": 6.54251198284328,
            "p95_us": 6.743008270859718,
            "max_us": 8.426024578511715
          },
          "parse_git_local_changes_150": {
            "count": 200.0,
            "min_us": 6.0219899751245975,
            "median_us": 6.092013791203499,
            "p95_us": 6.1820028349757195,
            "max_us": 29.545975849032402
          }
        }
      },
      {
        "label": "end_to_end_50",
        "n_files_seeded": 50,
        "stream_size_bytes": 688,
        "runs": 30,
        "warmup": 10,
        "scenarios": {
          "git_diff_subprocess_only": {
            "count": 30.0,
            "min_us": 2471.457002684474,
            "median_us": 2694.983995752409,
            "p95_us": 3921.5850410982966,
            "max_us": 4923.166998196393
          },
          "parse_git_name_status_z": {
            "count": 30.0,
            "min_us": 35.537988878786564,
            "median_us": 36.58898640424013,
            "p95_us": 37.27199509739876,
            "max_us": 38.672995287925005
          },
          "git_diff_subprocess_plus_parse": {
            "count": 30.0,