{
  "version": 1,
  "j_keys_per_burst": 50,
  "query_edit_sequence": [
    "\"cs_0\"",
    "\"cs_00\"",
    "\"cs_000\"",
    "\"cs_0001\"",
    "\"cs_0002\"",
    "status:Ready",
    "status:Draft"
  ],
  "large_reply_mb": 1,
  "scenarios": [
    {
      "cs_count": 100,
      "agent_count": 50,
      "wall_ms": {
        "cold_start": 1332.131247036159,
        "query_change": 1199.1216669557616,
        "repeated_query_edits": 1960.6336649740115,
        "jk_burst": 13152.842156938277,
        "auto_refresh_idle": 33.22295600082725,
        "large_reply_select": 163.78321300726384
      },
      "spans": {
        "": {
          "n": 210.0,
          "p50_ms": 0.0,
          "p95_ms": 0.0,
          "max_ms": 0.0
        },
        "changespec.filter": {
          "n": 12.0,
          "p50_ms": 49.41586090717465,
          "p95_ms": 134.5596289029345,
          "max_ms": 182.27640306577086
        },
        "widget.changespec_list.update_list": {
          "n": 11.0,
          "p50_ms": 0.15795195940881968,
          "p95_ms": 0.597521080635488,
          "max_ms": 0.597521080635488
        },
        "changespec.refresh_display": {
          "n": 11.0,
          "p50_ms": 1.6557499766349792,
          "p95_ms": 5.982429953292012,
          "max_ms": 5.982429953292012
        },
        "agents.load_from_disk": {
          "n": 2.0,
          "p50_ms": 2232.699354470242,
          "p95_ms": 3167.275256011635,
          "max_ms": 3167.275256011635
        },
        "widget.agent_list.update_list": {
          "n": 2.0,
          "p50_ms": 1.9961704965680838,
          "p95_ms": 2.199669019319117,
          "max_ms": 2.199669019319117
        },
        "agents.refresh_panel_widgets": {
          "n": 2.0,
          "p50_ms": 3.224981017410755,
          "p95_ms": 3.825883031822741,
          "max_ms": 3.825883031822741
        },
        "agents.refresh_display": {
          "n": 2.0,
          "p50_ms": 4.064708016812801,
          "p95_ms": 4.86099801491946,
          "max_ms": 4.86099801491946
        },
        "widget.prompt_panel.update_display": {
          "n": 7.0,
          "p50_ms": 0.7632169872522354,
          "p95_ms": 2.4412389611825347,
          "max_ms": 2.4412389611825347
        },
        "widget.thinking_panel.update_display": {
          "n": 7.0,
          "p50_ms": 0.062139006331562996,
          "p95_ms": 0.08265802171081305,
          "max_ms": 0.08265802171081305
        },
        "widget.file_panel.update_display": {
          "n": 5.0,
          "p50_ms": 0.23971707560122013,
          "p95_ms": 42.73578501306474,
          "max_ms": 42.73578501306474
        },
        "widget.agent_detail.update_display": {
          "n": 7.0,
          "p50_ms": 2.0302149932831526,
          "p95_ms": 44.499480980448425,
          "max_ms": 44.499480980448425
        },
        "widget.changespec_detail.update_display": {
          "n": 1.0,
          "p50_ms": 0.3584950463846326,
          "p95_ms": 0.3584950463846326,
          "max_ms": 0.3584950463846326
        },
        "widget.ancestors_children.update_relationships_from_index": {
          "n": 1.0,
          "p50_ms": 0.03502704203128815,
          "p95_ms": 0.03502704203128815,
          "max_ms": 0.03502704203128815
        },
        "widget.agent_list.update_highlight": {
          "n": 101.0,
          "p50_ms": 0.2689240500330925,
          "p95_ms": 0.3455599071457982,
          "max_ms": 0.6456830305978656
        },
        "agents.refresh_panel_highlights": {
          "n": 101.0,
          "p50_ms": 0.7697300752624869,
          "p95_ms": 0.9376300731673837,
          "max_ms": 2.5586740812286735
        },
        "widget.prompt_panel.update_header_only": {
          "n": 101.0,
          "p50_ms": 0.37415395490825176,
          "p95_ms": 0.5705490475520492,
          "max_ms": 0.6915200501680374
        },
        "widget.agent_detail.update_display_immediate": {
          "n": 101.0,
          "p50_ms": 0.48846204299479723,
          "p95_ms": 0.6746979197487235,
          "max_ms": 0.7560929516330361
        },
        "agents.refresh_debounced": {
          "n": 101.0,
          "p50_ms": 2.379562007263303,
          "p95_ms": 2.8052160050719976,
          "max_ms": 4.511230974458158
        }
      },
      "jk_paint": {
        "next": {
          "n": 51.0,
          "p50_ms": 21.210227045230567,
          "p95_ms": 83.10472196899354,
          "max_ms": 101.7406260361895
        },
        "prev": {
          "n": 50.0,
          "p50_ms": 20.966185082215816,
          "p95_ms": 75.52625692915171,
          "max_ms": 86.58010500948876
        }
      }
    },
    {
      "cs_count": 500,
      "agent_count": 200,
      "wall_ms": {
        "cold_start": 1245.8019299665466,
        "query_change": 720.1989889144897,
        "repeated_query_edits": 717.7617979468778,
        "jk_burst": 14363.110848003998,
        "auto_refresh_idle": 34.87887803930789,
        "large_reply_select": 245.08393998257816
      },
      "spans": {
        "": {
          "n": 210.0,
          "p50_ms": 0.0,
          "p95_ms": 0.0,
          "max_ms": 0.0
        },
        "changespec.filter": {
          "n": 12.0,
          "p50_ms": 51.65701452642679,
          "p95_ms": 63.46696801483631,
          "max_ms": 73.98054492659867
        },
        "widget.changespec_list.update_list": {
          "n": 11.0,
          "p50_ms": 0.1867369282990694,
          "p95_ms": 0.7749899523332715,
          "max_ms": 0.7749899523332715
        },
        "changespec.refresh_display": {
          "n": 11.0,
          "p50_ms": 2.0468670409172773,
          "p95_ms": 5.353209096938372,
          "max_ms": 5.353209096938372
        },
        "agents.load_from_disk": {
          "n": 2.0,
          "p50_ms": 1444.7935745702125,
          "p95_ms": 1505.0824710633606,
          "max_ms": 1505.0824710633606
        },
        "widget.agent_list.update_list": {
          "n": 2.0,
          "p50_ms": 2.4238965124823153,
          "p95_ms": 3.831753972917795,
          "max_ms": 3.831753972917795
        },
        "agents.refresh_panel_widgets": {
          "n": 2.0,
          "p50_ms": 3.3905014279298484,
          "p95_ms": 4.413574934005737,
          "max_ms": 4.413574934005737
        },
        "agents.refresh_display": {
          "n": 2.0,
          "p50_ms": 4.292764468118548,
          "p95_ms": 5.57776796631515,
          "max_ms": 5.57776796631515
        },
        "widget.prompt_panel.update_display": {
          "n": 13.0,
          "p50_ms": 0.7020700722932816,
          "p95_ms": 0.9109489619731903,
          "max_ms": 1.261458033695817
        },
        "widget.thinking_panel.update_display": {
          "n": 13.0,
          "p50_ms": 0.07810909301042557,
          "p95_ms": 0.13041903730481863,
          "max_ms": 0.14109897892922163
        },
        "widget.file_panel.update_display": {
          "n": 8.0,
          "p50_ms": 0.1537635107524693,
          "p95_ms": 38.697867072187364,
          "max_ms": 38.697867072187364
        },
        "widget.agent_detail.update_display": {
          "n": 13.0,
          "p50_ms": 1.4586640754714608,
          "p95_ms": 38.83022000081837,
          "max_ms": 40.43525399174541
        },
        "widget.changespec_detail.update_display": {
          "n": 1.0,
          "p50_ms": 0.22254500072449446,
          "p95_ms": 0.22254500072449446,
          "max_ms": 0.22254500072449446
        },
        "widget.ancestors_children.update_relationships_from_index": {
          "n": 1.0,
          "p50_ms": 0.030027935281395912,
          "p95_ms": 0.030027935281395912,
          "max_ms": 0.030027935281395912
        },
        "widget.agent_list.update_highlight": {
          "n": 101.0,
          "p50_ms": 0.24998700246214867,
          "p95_ms": 0.35939598456025124,
          "max_ms": 0.4055240424349904
        },
        "agents.refresh_panel_highlights": {
          "n": 101.0,
          "p50_ms": 0.7456829771399498,